pd_shock,n_increase,n_decrease,n_hold,total_ep_uplift,el_used,el_budget_pct
+0%,3060,20969,5971,39035211.39155677,52.752018585999394,0.00026376009292999696
+10%,3060,20969,5971,39035211.39155677,58.02722044460097,0.00029013610222300483
+20%,3060,20969,5971,39035211.39155677,63.30242230319891,0.0003165121115159946
+30%,3060,20969,5971,39035211.39155677,68.57762416180049,0.0003428881208090024
